{"cameraMode":{"drawMode":0,"name":"Shaded","section":"Shading Mode"},"sceneLighting":false,"audioPlay":false,"sceneViewState":{"m_AlwaysRefresh":false,"showFog":true,"showSkybox":true,"showFlares":true,"showImageEffects":true,"showParticleSystems":true,"showVisualEffectGraphs":true,"m_FxEnabled":true},"in2DMode":false,"pivot":{"x":-78.91948699951172,"y":12.039161682128907,"z":-0.5935104489326477},"rotation":{"x":0.035535477101802829,"y":0.9624861478805542,"z":-0.15612562000751496,"w":0.21907548606395722},"size":1.4378368854522706,"orthographic":false}